{
  "threshold": 0.5199999999999998,
  "precision": 0.6577777777777778,
  "recall": 0.46742021276595747,
  "f1": 0.5464969390729764,
  "roc_auc": 0.7259637759420903,
  "pr_auc": 0.5595415777655237,
  "support_positive": 6016,
  "support_total": 24000
}