{
  "threshold": 0.5399999999999998,
  "precision": 0.6555786555786556,
  "recall": 0.47174202127659576,
  "f1": 0.5486708554857419,
  "roc_auc": 0.7311347157875558,
  "pr_auc": 0.566423610762246,
  "support_positive": 6016,
  "support_total": 24000
}