{
  "threshold": 0.5299999999999998,
  "precision": 0.6385755363857554,
  "recall": 0.4798869680851064,
  "f1": 0.5479738065863149,
  "roc_auc": 0.7327279334733712,
  "pr_auc": 0.5637957409997938,
  "support_positive": 6016,
  "support_total": 24000
}