{
  "threshold": 0.5199999999999998,
  "precision": 0.8360345759049163,
  "recall": 0.7012575053812167,
  "f1": 0.7627379705501818,
  "roc_auc": 0.8417732971515091,
  "pr_auc": 0.8359951387477252,
  "support_positive": 8827,
  "support_total": 24000
}