{
  "threshold": 0.5599999999999997,
  "precision": 0.6772927905836195,
  "recall": 0.4591090425531915,
  "f1": 0.5472557955220924,
  "roc_auc": 0.7260051746647138,
  "pr_auc": 0.5597952151764908,
  "support_positive": 6016,
  "support_total": 24000
}