{
  "threshold": 0.45999999999999985,
  "precision": 0.2349080059671805,
  "recall": 0.5401326320603704,
  "f1": 0.32741890767951204,
  "roc_auc": 0.5972440206046751,
  "pr_auc": 0.2575735260365737,
  "support_positive": 4373,
  "support_total": 24000
}