{
  "macro_f1": 0.21515620688374798,
  "weighted_f1": 0.27772006341801087,
  "support_total": 4373,
  "per_class": {
    "airline_operations": {
      "precision": 0.18600682593856654,
      "recall": 0.16029411764705884,
      "f1": 0.1721958925750395,
      "support": 680
    },
    "airport_congestion": {
      "precision": 0.29829545454545453,
      "recall": 0.34615384615384615,
      "f1": 0.32044760935910477,
      "support": 910
    },
    "late_aircraft": {
      "precision": 0.29782608695652174,
      "recall": 0.3366093366093366,
      "f1": 0.3160322952710496,
      "support": 814
    },
    "other": {
      "precision": 0.01818181818181818,
      "recall": 0.0040650406504065045,
      "f1": 0.006644518272425249,
      "support": 246
    },
    "security_or_border_control": {
      "precision": 0.07142857142857142,
      "recall": 0.024390243902439025,
      "f1": 0.03636363636363636,
      "support": 246
    },
    "technical": {
      "precision": 0.27607361963190186,
      "recall": 0.215311004784689,
      "f1": 0.24193548387096775,
      "support": 418
    },
    "weather": {
      "precision": 0.3684992570579495,
      "recall": 0.4683663833805477,
      "f1": 0.4124740124740125,
      "support": 1059
    }
  }
}