{
  "macro_f1": 0.3098691288322299,
  "weighted_f1": 0.4661711998375953,
  "support_total": 6016,
  "per_class": {
    "airline_operations": {
      "precision": 0.18638392857142858,
      "recall": 0.24558823529411763,
      "f1": 0.21192893401015228,
      "support": 680
    },
    "airport_congestion": {
      "precision": 0.41044776119402987,
      "recall": 0.4716981132075472,
      "f1": 0.4389465283320032,
      "support": 1166
    },
    "late_aircraft": {
      "precision": 0.5516129032258065,
      "recall": 0.5502815768302494,
      "f1": 0.5509464357631897,
      "support": 1243
    },
    "other": {
      "precision": 0.06153846153846154,
      "recall": 0.016260162601626018,
      "f1": 0.02572347266881029,
      "support": 246
    },
    "security_or_border_control": {
      "precision": 0.05660377358490566,
      "recall": 0.024390243902439025,
      "f1": 0.03409090909090909,
      "support": 246
    },
    "technical": {
      "precision": 0.2569060773480663,
      "recall": 0.22248803827751196,
      "f1": 0.23846153846153847,
      "support": 418
    },
    "weather": {
      "precision": 0.6706527154957648,
      "recall": 0.6673277144273674,
      "f1": 0.668986083499006,
      "support": 2017
    }
  }
}