{
  "macro_f1": 0.3569729447339534,
  "weighted_f1": 0.6121534811396144,
  "support_total": 8828,
  "per_class": {
    "airline_operations": {
      "precision": 0.20984455958549222,
      "recall": 0.22283356258596973,
      "f1": 0.2161440960640427,
      "support": 727
    },
    "airport_congestion": {
      "precision": 0.5006775067750677,
      "recall": 0.53012912482066,
      "f1": 0.5149825783972125,
      "support": 1394
    },
    "late_aircraft": {
      "precision": 0.6156439649359406,
      "recall": 0.6034368803701256,
      "f1": 0.609479305740988,
      "support": 1513
    },
    "other": {
      "precision": 0.027777777777777776,
      "recall": 0.012195121951219513,
      "f1": 0.01694915254237288,
      "support": 246
    },
    "security_or_border_control": {
      "precision": 0.057692307692307696,
      "recall": 0.024390243902439025,
      "f1": 0.03428571428571429,
      "support": 246
    },
    "technical": {
      "precision": 0.2938689217758985,
      "recall": 0.2774451097804391,
      "f1": 0.28542094455852157,
      "support": 501
    },
    "weather": {
      "precision": 0.8019038984587489,
      "recall": 0.8421804332301833,
      "f1": 0.8215488215488216,
      "support": 4201
    }
  }
}