{
  "macro_f1": 0.2913083653865058,
  "weighted_f1": 0.4572653328934491,
  "support_total": 6016,
  "per_class": {
    "airline_operations": {
      "precision": 0.16612903225806452,
      "recall": 0.1514705882352941,
      "f1": 0.15846153846153846,
      "support": 680
    },
    "airport_congestion": {
      "precision": 0.39959839357429716,
      "recall": 0.5120068610634648,
      "f1": 0.4488721804511278,
      "support": 1166
    },
    "late_aircraft": {
      "precision": 0.5360902255639097,
      "recall": 0.5736122284794851,
      "f1": 0.5542168674698795,
      "support": 1243
    },
    "other": {
      "precision": 0.0,
      "recall": 0.0,
      "f1": 0.0,
      "support": 246
    },
    "security_or_border_control": {
      "precision": 0.0,
      "recall": 0.0,
      "f1": 0.0,
      "support": 246
    },
    "technical": {
      "precision": 0.30493273542600896,
      "recall": 0.16267942583732056,
      "f1": 0.2121684867394696,
      "support": 418
    },
    "weather": {
      "precision": 0.6208673250322027,
      "recall": 0.7169062964799207,
      "f1": 0.6654394845835251,
      "support": 2017
    }
  }
}