{
  "macro_f1": 0.3542722413646473,
  "weighted_f1": 0.6086185769730303,
  "support_total": 8828,
  "per_class": {
    "airline_operations": {
      "precision": 0.22140762463343108,
      "recall": 0.2077028885832187,
      "f1": 0.21433640880056778,
      "support": 727
    },
    "airport_congestion": {
      "precision": 0.5003389830508475,
      "recall": 0.5294117647058824,
      "f1": 0.5144649703729522,
      "support": 1394
    },
    "late_aircraft": {
      "precision": 0.609271523178808,
      "recall": 0.6080634500991408,
      "f1": 0.6086668871981475,
      "support": 1513
    },
    "other": {
      "precision": 0.0684931506849315,
      "recall": 0.02032520325203252,
      "f1": 0.03134796238244514,
      "support": 246
    },
    "security_or_border_control": {
      "precision": 0.041666666666666664,
      "recall": 0.012195121951219513,
      "f1": 0.018867924528301886,
      "support": 246
    },
    "technical": {
      "precision": 0.3004694835680751,
      "recall": 0.2554890219560878,
      "f1": 0.2761596548004315,
      "support": 501
    },
    "weather": {
      "precision": 0.7814814814814814,
      "recall": 0.8538443227802904,
      "f1": 0.816061881469685,
      "support": 4201
    }
  }
}