{
  "macro_f1": 0.30573956384605966,
  "weighted_f1": 0.4661743185252334,
  "support_total": 6016,
  "per_class": {
    "airline_operations": {
      "precision": 0.18484848484848485,
      "recall": 0.17941176470588235,
      "f1": 0.18208955223880596,
      "support": 680
    },
    "airport_congestion": {
      "precision": 0.39795221843003414,
      "recall": 0.5,
      "f1": 0.443177499049791,
      "support": 1166
    },
    "late_aircraft": {
      "precision": 0.550114766641163,
      "recall": 0.5784392598551891,
      "f1": 0.563921568627451,
      "support": 1243
    },
    "other": {
      "precision": 0.0,
      "recall": 0.0,
      "f1": 0.0,
      "support": 246
    },
    "security_or_border_control": {
      "precision": 0.16,
      "recall": 0.032520325203252036,
      "f1": 0.05405405405405406,
      "support": 246
    },
    "technical": {
      "precision": 0.2826086956521739,
      "recall": 0.18660287081339713,
      "f1": 0.22478386167146974,
      "support": 418
    },
    "weather": {
      "precision": 0.6389633601429848,
      "recall": 0.7089737233515121,
      "f1": 0.6721504112808461,
      "support": 2017
    }
  }
}