{
  "task": "multiclass_classification_delay_reason",
  "target": "delay_reason",
  "classes": [
    "airline_operations",
    "airport_congestion",
    "late_aircraft",
    "other",
    "security_or_border_control",
    "technical",
    "weather"
  ],
  "features": [
    "distance_km",
    "planned_duration_min",
    "temperature_origin_c",
    "wind_speed_origin_mps",
    "precipitation_origin_mm",
    "visibility_origin_km",
    "airport_load_index",
    "airline_load_factor",
    "previous_flight_delay_min",
    "route_avg_delay_min",
    "aircraft_age_years",
    "departure_hour",
    "month",
    "is_weekend",
    "technical_check_required",
    "crew_change_required",
    "airline_code",
    "origin_airport",
    "destination_airport",
    "route",
    "aircraft_type",
    "weather_origin",
    "weather_destination",
    "season",
    "day_of_week"
  ],
  "metrics": {
    "macro_f1": 0.31844346708615656,
    "weighted_f1": 0.46659997687732024,
    "support_total": 6016,
    "per_class": {
      "airline_operations": {
        "precision": 0.17149478563151796,
        "recall": 0.21764705882352942,
        "f1": 0.1918340894361633,
        "support": 680
      },
      "airport_congestion": {
        "precision": 0.4205607476635514,
        "recall": 0.4631217838765009,
        "f1": 0.44081632653061226,
        "support": 1166
      },
      "late_aircraft": {
        "precision": 0.5758620689655173,
        "recall": 0.5374094931617055,
        "f1": 0.5559717020391177,
        "support": 1243
      },
      "other": {
        "precision": 0.07751937984496124,
        "recall": 0.04065040650406504,
        "f1": 0.05333333333333334,
        "support": 246
      },
      "security_or_border_control": {
        "precision": 0.08673469387755102,
        "recall": 0.06910569105691057,
        "f1": 0.07692307692307693,
        "support": 246
      },
      "technical": {
        "precision": 0.24703087885985747,
        "recall": 0.24880382775119617,
        "f1": 0.24791418355184744,
        "support": 418
      },
      "weather": {
        "precision": 0.6714212939378502,
        "recall": 0.6534457114526524,
        "f1": 0.6623115577889447,
        "support": 2017
      }
    }
  },
  "trained_at_utc": "2026-05-09T14:34:22",
  "library_versions": {
    "python": "3.11.15",
    "sklearn": "1.5.2",
    "lightgbm": "4.5.0",
    "pandas": "2.2.3",
    "numpy": "1.26.4"
  },
  "params": {
    "n_estimators": 600,
    "learning_rate": 0.04,
    "num_leaves": 63,
    "max_depth": 8,
    "min_child_samples": 50,
    "reg_alpha": 0.1,
    "reg_lambda": 0.2,
    "class_weight": "balanced",
    "random_state": 42
  }
}